{"cameraMode":{"drawMode":0,"name":"Shaded","section":"Shading Mode"},"sceneLighting":true,"audioPlay":false,"sceneViewState":{"m_AlwaysRefresh":false,"showFog":true,"showSkybox":true,"showFlares":true,"showImageEffects":true,"showParticleSystems":true,"showVisualEffectGraphs":true,"m_FxEnabled":true},"in2DMode":false,"pivot":{"x":111.90987396240235,"y":151.5848846435547,"z":130.59059143066407},"rotation":{"x":0.007163659203797579,"y":0.7488028407096863,"z":-0.008095206692814827,"w":0.6627172827720642},"size":1.870856523513794,"orthographic":false}