{"cameraMode":{"drawMode":0,"name":"Shaded","section":"Shading Mode"},"sceneLighting":false,"audioPlay":false,"sceneViewState":{"m_AlwaysRefresh":false,"showFog":true,"showSkybox":false,"showFlares":true,"showImageEffects":true,"showParticleSystems":true,"showVisualEffectGraphs":true,"m_FxEnabled":true},"in2DMode":false,"pivot":{"x":0.08909180015325546,"y":0.9034488797187805,"z":0.12404123693704605},"rotation":{"x":-0.08437050133943558,"y":0.8807527422904968,"z":-0.1714966595172882,"w":-0.4332999587059021},"size":0.6744130253791809,"orthographic":false}